"","x"
"1","images/subsideReversal2014.png"
"2","images/subsideReversal2015.png"
"3","images/subsideReversal2016.png"
"4","images/subsideReversal2017.png"
"5","images/subsideReversal2018.png"
"6","images/subsideReversal2019.png"
"7","images/subsideReversal2020.png"
"8","images/subsideReversal2021.png"
"9","images/subsideReversal2022.png"
"10","images/subsideReversal2023.png"
"11","images/subsideReversal2024.png"
"12","images/subsideReversal2025.png"
"13","images/subsideReversal2026.png"
"14","images/subsideReversal2027.png"
"15","images/subsideReversal2028.png"
"16","images/subsideReversal2029.png"
"17","images/subsideReversal2030.png"
"18","images/subsideReversal2031.png"
"19","images/subsideReversal2032.png"
"20","images/subsideReversal2033.png"
"21","images/subsideReversal2034.png"
"22","images/subsideReversal2035.png"
"23","images/subsideReversal2036.png"
"24","images/subsideReversal2037.png"
"25","images/subsideReversal2038.png"
"26","images/subsideReversal2039.png"
"27","images/subsideReversal2040.png"
"28","images/subsideReversal2041.png"
"29","images/subsideReversal2042.png"
"30","images/subsideReversal2043.png"
"31","images/subsideReversal2044.png"
"32","images/subsideReversal2045.png"
"33","images/subsideReversal2046.png"
"34","images/subsideReversal2047.png"
"35","images/subsideReversal2048.png"
"36","images/subsideReversal2049.png"
"37","images/subsideReversal2050.png"
"38","images/subsideReversal2051.png"
"39","images/subsideReversal2052.png"
"40","images/subsideReversal2053.png"
"41","images/subsideReversal2054.png"
"42","images/subsideReversal2055.png"
"43","images/subsideReversal2056.png"
"44","images/subsideReversal2057.png"
"45","images/subsideReversal2058.png"
"46","images/subsideReversal2059.png"
"47","images/subsideReversal2060.png"
"48","images/subsideReversal2061.png"
"49","images/subsideReversal2062.png"
"50","images/subsideReversal2063.png"
"51","images/subsideReversal2064.png"
"52","images/subsideReversal2065.png"
"53","images/subsideReversal2066.png"
"54","images/subsideReversal2067.png"
"55","images/subsideReversal2068.png"
"56","images/subsideReversal2069.png"
"57","images/subsideReversal2070.png"
"58","images/subsideReversal2071.png"
"59","images/subsideReversal2072.png"
"60","images/subsideReversal2073.png"
"61","images/subsideReversal2074.png"
"62","images/subsideReversal2075.png"
"63","images/subsideReversal2076.png"
"64","images/subsideReversal2077.png"
"65","images/subsideReversal2078.png"
"66","images/subsideReversal2079.png"
"67","images/subsideReversal2080.png"
"68","images/subsideReversal2081.png"
"69","images/subsideReversal2082.png"
"70","images/subsideReversal2083.png"
"71","images/subsideReversal2084.png"
"72","images/subsideReversal2085.png"
"73","images/subsideReversal2086.png"
"74","images/subsideReversal2087.png"
"75","images/subsideReversal2088.png"
"76","images/subsideReversal2089.png"
"77","images/subsideReversal2090.png"
"78","images/subsideReversal2091.png"
"79","images/subsideReversal2092.png"
"80","images/subsideReversal2093.png"
"81","images/subsideReversal2094.png"
"82","images/subsideReversal2095.png"
"83","images/subsideReversal2096.png"
"84","images/subsideReversal2097.png"
"85","images/subsideReversal2098.png"
"86","images/subsideReversal2099.png"
"87","images/subsideReversal2100.png"
